asset_name,file_name,file_format,file_size_mb,mesh_count,vertex_count,face_count,edge_count,surface_area,bounding_box_volume,vertex_density,polygon_density,bbox_x,bbox_y,bbox_z,is_watertight,is_winding_consistent,euler_number,duplicate_faces,degenerate_faces,material_count,texture_count,total_texture_pixels,total_texture_memory_mb,max_texture_width,max_texture_height,has_normal_map,has_displacement_map,complexity_tier,file_size_bytes,extraction_time_s,extracted_at,render_time_seconds,mesh_objects,rendered_at
2_c4afd8f228f4424d946dfd3a4ec31502,scene.gltf,gltf,0.0159,10.0,637055.0,1109260.0,1747265.0,54481.851543,1253228.877534,0.5083,0.8851,88.290161,84.206406,168.567154,False,True,-21.0,,0.0,1,2,1048576,3.0,1024,512,False,False,extreme,16621,1.572,2026-06-14T09:22:09.233690,86.1539,10,2026-06-13T10:56:46.309088
3D Premium Floorplan C10_a2475c32d03949479b7f68dd03a9f851,scene.gltf,gltf,0.0367,24.0,1236246.0,1356238.0,2494692.0,517.002249,74.182167,16665.0026,18282.5342,4.770199,11.923,1.3043,False,True,1388.0,,8.0,6,10,35651584,102.0,2048,2048,False,False,extreme,38496,2.2799,2026-06-14T09:22:11.514987,67.538,24,2026-06-13T10:58:00.176224
3D Premium floorplan_8b7cd98dc9784ed8aeeb58ee139f78b1,scene.gltf,gltf,0.0565,39.0,2289930.0,2081530.0,4061615.0,614569983.654994,2648415414.129653,0.0009,0.0008,2042.193359,589.476562,2200.000122,False,True,1156.0,,0.0,7,12,25165824,72.0,2048,2048,False,False,extreme,59296,3.6371,2026-06-14T09:22:15.153448,69.2679,39,2026-06-13T10:59:24.668051
74 911 RS PROJECT PORSCHE_3Ksj3oYImuP5mdtl2pNbq4zYpYb,scene.gltf,gltf,0.1983,134.0,2487556.0,4046419.0,6500010.0,146283.584393,852.838244,2916.797,4744.65,4.119492,14.218731,14.560028,False,True,126.0,,0.0,48,2,524288,1.5,512,512,False,False,extreme,207932,6.3195,2026-06-14T09:22:21.474504,346.8513,134,2026-06-13T11:05:24.490237
A K B 11-13-32_c7b53af05de34f36a2c17955adad15f8,scene.gltf,gltf,0.0702,41.0,947755.0,1442961.0,2374079.0,92382.722394,3202761.276292,0.2959,0.4505,124.912605,181.259857,141.454468,False,False,538.0,,0.0,40,0,0,0.0,0,0,False,False,extreme,73633,2.3081,2026-06-14T09:22:23.783890,131.7831,41,2026-06-13T11:07:41.699919
Acer TravelMate 3000 Laptop_79355883f7684c2b91b60edd926ae6a2,scene.gltf,gltf,0.0162,10.0,637387.0,1048680.0,1685374.0,278486.030802,15461970.885381,0.0412,0.0678,262.585693,252.821564,232.905464,False,True,-823.0,,0.0,1,0,0,0.0,0,0,False,False,extreme,16964,1.8591,2026-06-14T09:22:25.644387,53.6414,10,2026-06-13T11:08:39.636392
ackbar_612f3af0450342c48a22ae65f0925926,scene.gltf,gltf,0.0154,9.0,528627.0,1025024.0,1553601.0,77652.01417,742300.747174,0.7121,1.3809,109.019691,86.173198,79.013762,False,True,-2.0,,0.0,1,0,0,0.0,0,0,False,False,extreme,16161,2.3426,2026-06-14T09:22:27.988590,93.8355,9,2026-06-13T11:10:18.592880
Aerial Photogrametry Test with GoPro_a1d4bad94f8349ca825df48badfd0aac,scene.gltf,gltf,0.0295,19.0,1228490.0,2035356.0,3264386.0,335.799239,172.658474,7115.1446,11788.3354,10.29986,6.555248,2.557216,False,True,-992.0,,198.0,1,0,0,0.0,0,0,False,False,extreme,30899,3.4897,2026-06-14T09:22:31.479592,61.7973,19,2026-06-13T11:11:27.682830
Apocalypse Tank _89648717bd3e4861b9b069e49baa9361,scene.gltf,gltf,0.2902,171.0,2346516.0,3482568.0,5646377.0,3116.68313,16.898536,138859.1305,206086.9666,1.94975,3.9338,2.20322,False,True,-45.0,,0.0,15,12,1179648,3.375,512,512,False,False,extreme,304331,7.2705,2026-06-14T09:22:38.751929,157.5496,171,2026-06-13T11:14:15.325019
Aquincum porcelán_71e4e330ef034599bc18179de63ab524,scene.gltf,gltf,0.0125,10.0,635346.0,1009204.0,1645817.0,26563.567988,182130.213286,3.4884,5.5411,64.959099,63.319571,44.279636,False,True,-2615.0,,1.0,1,0,0,0.0,0,0,False,False,extreme,13113,2.0557,2026-06-14T09:22:40.809252,93.6877,10,2026-06-13T11:15:53.392491
Arena Stage Facade_0356a42c2fe948b09028cd0fda6fbb34,scene.gltf,gltf,0.3917,286.0,2757621.0,3135862.0,5847196.0,7598712610.222905,127573158.449456,0.0216,0.0246,416.969971,434.625,703.946777,False,True,440.0,,0.0,4,0,0,0.0,0,0,False,False,extreme,410679,5.3245,2026-06-14T09:22:46.135179,73.2576,286,2026-06-13T11:17:18.218234
Arm Study 2_araRr8QdhIchIP1kWmqjfHP46Om,scene.gltf,gltf,0.0276,19.0,1243449.0,1894950.0,3136489.0,0.215313,0.017134,72570944.24,110594250.9805,0.747652,0.1533,0.149494,False,True,-2207.0,,3.0,1,0,0,0.0,0,0,False,False,extreme,28958,5.5291,2026-06-14T09:22:51.665868,96.4019,19,2026-06-13T11:19:01.408980
B A S E B A L L_a45d2ef270f64fddab1c7fd545a2640f,scene.gltf,gltf,0.0248,21.0,754612.0,1428822.0,2183487.0,15.402623,0.079815,9454525.704,17901695.607,0.491533,1.42169,0.114216,False,True,1.0,,14.0,1,0,0,0.0,0,0,False,False,extreme,25971,2.7888,2026-06-14T09:22:54.456389,113.6909,21,2026-06-13T11:20:59.976910
BHIVE NEW_e2689318bebb4c31af793a2cab0f406c,scene.gltf,gltf,15.3981,,,,,,,,,,,,,,,,,55,0,0,0.0,0,0,False,False,unknown,16146051,6.4303,2026-06-14T09:23:00.887914,70.9356,14183,2026-06-13T11:25:58.534179
Big Mac_afdeec94d4ea402c9db827ea048abf6a,scene.gltf,gltf,0.0431,29.0,1296355.0,2483200.0,3779391.0,6.234386,0.014432,89824008.3918,172060105.1707,0.214431,0.301976,0.22288,False,True,-36.0,,0.0,1,0,0,0.0,0,0,False,False,extreme,45161,4.6946,2026-06-14T09:23:05.583998,93.7891,29,2026-06-13T11:27:41.068985
Bison Antiquus_513ea187e5de452eaec5293d53b0ee5f,scene.gltf,gltf,0.0233,15.0,920340.0,1534223.0,2453735.0,2.788135,0.371166,2479591.9592,4133523.4962,1.504357,0.397048,0.621404,False,True,-16.0,,1.0,1,2,33554432,96.0,4096,4096,False,False,extreme,24402,2.7876,2026-06-14T09:23:08.372900,139.4418,15,2026-06-13T11:30:05.930476
Boar Beetle_705586ff1ac74881b76d23e45d2ab8a6,scene.gltf,gltf,0.013,10.0,638561.0,1018030.0,1655349.0,376036.113513,4202957.506719,0.1519,0.2422,197.540817,221.905067,95.880642,False,True,-714.0,,0.0,1,0,0,0.0,0,0,False,False,extreme,13682,2.2579,2026-06-14T09:23:10.631934,113.1047,10,2026-06-13T11:32:03.423091
Borghese Gladiator (VisualSFM)_63c1bcc3a7ae48d7acee90963610ead0,scene.gltf,gltf,0.0803,58.0,3783829.0,1262212.0,3785236.0,0.224081,0.000152,24819829506.3061,8279413958.9325,0.064323,0.03975,0.059625,False,True,21830.0,,4338.0,1,2,8388608,24.0,2048,2048,False,False,extreme,84180,4.6129,2026-06-14T09:23:15.245954,53.298,58,2026-06-13T11:33:06.621590
Bryzoan_1e8ac9baa2cf4a1b9818eec1ad336d9b,scene.gltf,gltf,0.0126,10.0,599061.0,1000004.0,1600600.0,6725.299973,84421.064957,7.0961,11.8454,54.281301,65.84996,23.618105,False,False,-1168.0,,0.0,1,0,0,0.0,0,0,False,False,extreme,13196,1.8251,2026-06-14T09:23:17.072108,159.2097,10,2026-06-13T11:35:50.269042
Bréguet Br 761 _Deux ponts__39e622c70f484b67b7f7fc1872429a4b,scene.gltf,gltf,0.0583,39.0,1245239.0,1379046.0,2600870.0,1860.663124,0.693459,1795691.4764,1988647.278,0.515335,1.134174,1.186456,False,False,1195.0,,5.0,12,20,5242880,14.5,1024,1024,False,False,extreme,61162,2.9874,2026-06-14T09:23:20.060761,97.8601,39,2026-06-13T11:37:34.203199
Buurtboomgaard_138da160d5814ead8438f0f996814ac0,scene.gltf,gltf,0.0372,25.0,906205.0,1568313.0,2470743.0,17381.349953,17462.525916,51.8943,89.8102,102.630848,18.942004,8.982624,False,True,123.0,,0.0,1,0,0,0.0,0,0,False,False,extreme,39048,2.7604,2026-06-14T09:23:22.822214,85.3386,25,2026-06-13T11:39:05.004957
C B R- A2- B19_08b50c173c7a4307b63b140d3792be10,scene.gltf,gltf,0.0822,48.0,836251.0,1322034.0,2144780.0,96657.853862,2482759.563975,0.3368,0.5325,125.810413,147.708435,133.601944,False,False,428.0,,0.0,48,0,0,0.0,0,0,False,False,extreme,86145,2.3117,2026-06-14T09:23:25.135133,184.4523,48,2026-06-13T11:42:14.373231
Captive Minecraft 3_1d8e55a8104b4f3b9cd952763bfd0261,scene.gltf,gltf,0.1468,120.0,6164019.0,3082228.0,7705403.0,1529103.381861,465426.0,13.2438,6.6224,78.0,153.0,39.0,False,True,16383.0,,0.0,1,0,0,0.0,0,0,False,False,extreme,153909,8.1663,2026-06-14T09:23:33.302829,104.7053,120,2026-06-13T11:44:14.965964
Castleruddery Quartz Boulder_aed0548872a34ef4a634d133f808aa2e,scene.gltf,gltf,0.0299,19.0,969509.0,1494096.0,2463918.0,1536.46658,8778.737525,110.4383,170.1949,37.013634,10.390946,22.825235,False,True,-2207.0,,0.0,5,8,134217728,384.0,4096,4096,False,False,extreme,31379,4.2987,2026-06-14T09:23:37.602774,196.1698,19,2026-06-13T11:47:37.902424
CES 2015 demo with DJI Phantom Vision+ and Pix4D_2579d05687924e78a5c63da23baa0b9e,scene.gltf,gltf,0.0175,11.0,708273.0,1000000.0,1694676.0,17163.153104,85991.646589,8.2365,11.629,132.371201,5.4646,118.878799,False,True,340.0,,0.0,1,2,134217728,384.0,8192,8192,False,False,extreme,18362,3.2348,2026-06-14T09:23:40.839025,131.0259,11,2026-06-13T11:49:54.027606
Chelichnus Trails_7563feafa629418c8370442ed0da37ac,scene.gltf,gltf,0.0318,20.0,1285600.0,2166173.0,3452568.0,8.008312,11.080181,116026.9803,195499.776,2.817678,2.475883,1.588274,False,True,220.0,,0.0,1,0,0,0.0,0,0,False,False,extreme,33334,4.9642,2026-06-14T09:23:45.804916,62.7323,20,2026-06-13T11:51:04.110274
Cidade Universitária - USP_c87e7acaaaf0456593738f3df99d729c,scene.gltf,gltf,0.0204,13.0,794531.0,1282061.0,2075403.0,2911.144643,3368.397378,235.878,380.6145,19.836093,6.917734,24.547278,False,True,-710.0,,0.0,1,2,33554432,96.0,4096,4096,False,False,extreme,21391,2.7722,2026-06-14T09:23:48.578480,100.9009,13,2026-06-13T11:52:50.214011
Colonnaded Street from Antiochia ad Cragum_1f1fabda502040d6b75504fc6779b630,scene.gltf,gltf,0.0516,35.0,2237617.0,3623113.0,5868305.0,15724.608191,11466.025712,195.1519,315.9868,46.200354,39.623747,6.263428,False,True,59.0,,0.0,1,2,134217728,384.0,8192,8192,False,False,extreme,54101,9.1877,2026-06-14T09:23:57.767345,72.2491,35,2026-06-13T11:54:11.950191
Consolidated B-24 Liberator_588c1e31a5d3448f9c8183bc613f645c,scene.gltf,gltf,0.0637,42.0,1088916.0,1165926.0,2229650.0,973.0364,0.641453,1697576.6916,1817632.2157,0.515335,1.096476,1.13521,False,True,960.0,,29.0,17,30,5636096,14.875,1024,1024,False,False,extreme,66845,3.1742,2026-06-14T09:24:00.943826,91.0422,42,2026-06-13T11:55:48.989944
Cookie Machine_3qtWhJTWFwJkr0olQA4dpZhVD4q,scene.gltf,gltf,0.114,82.0,812669.0,1263564.0,2070306.0,30660041.837269,73352561.271283,0.0111,0.0172,583.093979,785.477043,160.156006,False,True,5.0,,0.0,14,0,0,0.0,0,0,False,False,extreme,119510,2.3507,2026-06-14T09:24:03.296023,68.8533,82,2026-06-13T11:57:04.306993
Cozinha_8611878e9e7e4516983bbed3ccf031a1,scene.gltf,gltf,0.1006,61.0,2781351.0,1035164.0,2913233.0,359.372599,0.000726,3831406952.3699,1425974120.6496,0.15331,0.15464,0.03062,False,True,1.0,,37.0,10,4,33685504,96.375,4096,4096,False,False,extreme,105536,2.7262,2026-06-14T09:24:06.023355,67.8637,61,2026-06-13T11:58:18.961965
Cube of cube_d5txMpgClQCuJRT9YfjPr9c62oy,scene.gltf,gltf,0.0709,54.0,3183624.0,1591812.0,3979530.0,513.487133,4301.185787,740.1736,370.0868,19.075399,19.049999,11.836399,False,True,16383.0,,0.0,6,0,0,0.0,0,0,False,False,extreme,74352,5.4184,2026-06-14T09:24:11.443372,83.0706,54,2026-06-13T11:59:51.592652
Dalek_16fb21a933ab4db8bb6921cc16956941,scene.gltf,gltf,0.0607,37.0,580205.0,1089924.0,1669454.0,2218.711537,55.709311,10414.8658,19564.4854,5.05922,5.05922,2.17651,False,True,-1.0,,0.0,1,0,0,0.0,0,0,False,False,extreme,63647,2.3091,2026-06-14T09:24:13.753680,123.7638,37,2026-06-13T12:01:59.748340
Dandora Dump_cd56dd05c2224112b45449fce3c495f3,scene.gltf,gltf,0.0675,46.0,3000000.0,1000000.0,3000000.0,1215.592434,3425.047546,875.9002,291.9667,31.075511,4.00925,27.490661,False,True,21844.0,,0.0,1,2,134217728,384.0,8192,8192,False,False,extreme,70795,3.0252,2026-06-14T09:24:16.780099,57.2369,46,2026-06-13T12:03:03.601175
DeLorean (Back To The Future)_7bae1ee2b70044ed973b27a828cf0f54,scene.gltf,gltf,3.0643,1965.0,1440212.0,1693243.0,3046281.0,1120474.564573,104670.385686,13.7595,16.1769,23.022957,66.769788,68.089905,False,True,6943.0,,0.0,42,0,0,0.0,0,0,False,False,extreme,3213196,5.2469,2026-06-14T09:24:22.028268,132.3629,1965,2026-06-13T12:05:32.627475
Dragonscale Brush Test on Suzanne_c2b2b83621e841f6bfc2143893e364ce,scene.gltf,gltf,0.023,19.0,1224481.0,1757843.0,2979867.0,14.395922,5.430868,225466.9035,323676.2498,2.28425,1.76091,1.35017,False,True,-2489.0,,0.0,1,0,0,0.0,0,0,False,False,extreme,24141,3.5268,2026-06-14T09:24:25.556447,104.964,19,2026-06-13T12:07:23.849805
Dreadnoughtus skeleton_efd757df9f3e493e9e741971e63deeb8,scene.gltf,gltf,0.1221,108.0,7018367.0,2339457.0,7018370.0,59.214504,0.245339,28606770.5494,9535595.6178,0.814171,0.458722,0.656904,False,True,21843.0,,395.0,1,0,0,0.0,0,0,False,False,extreme,128026,5.8475,2026-06-14T09:24:31.405390,66.0647,108,2026-06-13T12:08:42.078459
Dried Ground Brush on a Cube_003e5601871640b790f39d7ff3a7ce70,scene.gltf,gltf,0.0304,26.0,1639357.0,2390952.0,4022596.0,34.93322,7.854763,208708.6425,304395.1661,1.98957,1.98714,1.98676,False,True,-2703.0,,2.0,1,0,0,0.0,0,0,False,False,extreme,31829,5.0814,2026-06-14T09:24:36.488099,117.9994,26,2026-06-13T12:10:47.328711
dried out ground_uUk8t7tQ3Pbnw1aHJUKotkOgtTN,scene.gltf,gltf,0.8058,506.0,1092697.0,1261762.0,2262393.0,1857.295116,43.1071,25348.4229,29270.3986,8.18671,8.19673,0.64239,False,True,0.0,,0.0,4,4,16777216,48.0,2048,2048,True,False,extreme,844917,3.6421,2026-06-14T09:24:40.131460,49.6317,506,2026-06-13T12:11:45.832730
Early 20th Century Grave Marker in Sioux Falls_924cfcef6799475d8b671dcb8af176c3,scene.gltf,gltf,0.0349,23.0,1462195.0,2404505.0,3865526.0,2.302195,0.066384,22026287.4367,36221104.7589,0.361693,0.377351,0.486383,False,True,-1267.0,,0.0,1,2,33554432,96.0,4096,4096,False,False,extreme,36568,5.957,2026-06-14T09:24:46.089675,89.7957,23,2026-06-13T12:13:22.418896
Eerste Heuvel_699b910b3b9b4e31913adc5040e894d1,scene.gltf,gltf,0.0209,13.0,755797.0,1048552.0,1790423.0,40340.314729,1995654.377446,0.3787,0.5254,127.622421,114.150511,136.987358,False,True,782.0,,0.0,2,4,268435456,768.0,8192,8192,False,False,extreme,21867,3.0718,2026-06-14T09:24:49.163567,61.3597,13,2026-06-13T12:14:28.811416
El Alcazar de Colón_d5ca678d71b740e0a38918ecdc6d7a50,scene.gltf,gltf,0.0226,14.0,844183.0,1208890.0,2036560.0,4549.693968,16360.831181,51.5978,73.8893,49.963228,63.030653,5.19521,False,True,-987.0,,0.0,3,6,402653184,1152.0,8192,8192,False,False,extreme,23697,3.7465,2026-06-14T09:24:52.911540,63.9238,14,2026-06-13T12:15:39.419642
"Eric Gill, 'Ecstasy', 1910-1_0883f7e186f24180a6034e5b70391983",scene.gltf,gltf,0.0179,15.0,939385.0,1554968.0,2495940.0,1825020.474035,60264171.008222,0.0156,0.0258,353.33107,195.017151,874.590088,False,True,147.0,,0.0,1,0,0,0.0,0,0,False,False,extreme,18745,3.0696,2026-06-14T09:24:55.982237,67.6124,15,2026-06-13T12:16:51.775001
Excavations at St Piran's Oratory 5th March 2014_7e9459ce3d8a4632b6575af761f4480b,scene.gltf,gltf,0.0163,10.0,614368.0,1000000.0,1611769.0,1207.079509,1093.451981,561.861,914.5349,23.206058,11.194063,4.209307,False,True,-586.0,,0.0,1,2,33554432,96.0,4096,4096,False,False,extreme,17112,3.2662,2026-06-14T09:24:59.249742,65.2599,10,2026-06-13T12:18:01.407923
Fai Fai_1f9fc7947296473d88384c63b8416d7b,scene.gltf,gltf,0.0215,14.0,872157.0,1258041.0,2107191.0,2.196528,0.143738,6067681.6241,8752314.3862,0.492376,0.295448,0.988084,False,True,-818.0,,1093.0,1,0,0,0.0,0,0,False,False,extreme,22554,4.7531,2026-06-14T09:25:04.004871,51.1151,14,2026-06-13T12:18:58.239139
Fairchild C-119 _Flying Boxcar__3873464b05c8491cbc61a09af87076c6,scene.gltf,gltf,0.0621,39.0,1058116.0,1173917.0,2215257.0,1208.61887,2.976086,355539.3985,394449.8941,1.411314,1.444677,1.459658,False,True,1701.0,,0.0,22,42,5046272,14.1875,1024,1024,False,False,extreme,65073,3.3104,2026-06-14T09:25:07.316649,99.1678,39,2026-06-13T12:20:43.168934
Final Zombie Sketchfast 6_abab541e2d154f2f847fdf52433509e5,scene.gltf,gltf,0.0126,10.0,644409.0,1048570.0,1694378.0,174812.326088,10937371.290606,0.0589,0.0959,135.625923,202.762169,397.725393,False,True,-339.0,,0.0,1,0,0,0.0,0,0,False,False,extreme,13168,2.273,2026-06-14T09:25:09.590760,74.5192,10,2026-06-13T12:22:02.003813
Fish Fossil (untextured)_11b0e1d3a987452986ed630471538161,scene.gltf,gltf,0.05,34.0,2220006.0,3500000.0,5719737.0,193767.661606,4262919.626347,0.5208,0.821,421.566879,54.130778,186.808395,False,True,-2029.0,,0.0,1,0,0,0.0,0,0,False,False,extreme,52419,11.3918,2026-06-14T09:25:20.983900,102.6983,34,2026-06-13T12:23:56.575037
Fish Fossil_a53f5d2b7dfc4a8e9fa03e18c07cef57,scene.gltf,gltf,0.0503,34.0,2220146.0,3500000.0,5720072.0,193767.661606,4261814.260212,0.5209,0.8212,421.566879,54.130778,186.759956,False,True,-1986.0,,0.0,1,2,134217728,384.0,8192,8192,False,False,extreme,52708,20.0631,2026-06-14T09:25:41.049200,107.7245,34,2026-06-13T12:25:55.430616
Fortress_gcJeRJeG6GwjxXDfmfEMEjiDzOo,scene.gltf,gltf,0.082,57.0,2596742.0,1298548.0,3246007.0,5895.195369,820.512019,3164.7824,1582.6069,8.8,22.2,4.2,False,True,16383.0,,0.0,21,4,1048576,3.0,512,512,False,False,extreme,85949,8.0845,2026-06-14T09:25:49.138110,180.5588,57,2026-06-13T12:29:02.764326
Fountain EPFL P11_2e43b787b58e43b187c5bce178aed883,scene.gltf,gltf,0.025,14.0,893394.0,1516692.0,2411364.0,141.924367,221.313328,4036.7835,6853.1435,9.046021,3.871933,6.318619,False,True,90.0,,32.0,1,0,0,0.0,0,0,False,False,extreme,26166,10.7055,2026-06-14T09:25:59.889322,161.6198,14,2026-06-13T12:31:50.093047
Fra_Ja_105ab5238d4944b9a9af057ae3029150,scene.gltf,gltf,0.1006,69.0,4499997.0,1499999.0,4499997.0,440.976652,446.425758,10080.0568,3360.0189,17.835079,4.307267,5.811288,False,True,21844.0,,0.0,1,2,33554432,96.0,4096,4096,False,False,extreme,105449,12.8819,2026-06-14T09:26:12.774755,109.1133,69,2026-06-13T12:33:49.041589
frankie_bust_aq11tEoBlS2jyCCuSUsUS1bqou1,scene.gltf,gltf,0.0229,15.0,572509.0,1107384.0,1679721.0,570.716401,397.992638,1438.4914,2782.4233,10.069836,6.636929,5.955051,False,True,-31.0,,0.0,6,0,0,0.0,0,0,False,False,extreme,24063,6.8132,2026-06-14T09:26:19.591879,108.2782,15,2026-06-13T12:35:42.082501
Gaudism_qhpiV5dpKFPfdcRzneen839GikU,scene.gltf,gltf,0.0138,12.0,778649.0,1007692.0,1771459.0,649071.041895,3980180.863292,0.1956,0.2532,153.537025,259.198944,100.013,False,True,131.0,,16.0,1,0,0,0.0,0,0,False,False,extreme,14451,5.9493,2026-06-14T09:26:25.545030,79.018,12,2026-06-13T12:37:05.651106
German Children's Cricket Wooden Ride_36fc0f8df4574baf9586b905d7283d5c,scene.gltf,gltf,0.0233,15.0,975826.0,1605715.0,2580387.0,122.887288,81.427561,11983.9768,19719.5517,4.712586,4.071854,4.243458,False,True,-508.0,,0.0,1,2,33554432,96.0,4096,4096,False,False,extreme,24401,10.2532,2026-06-14T09:26:35.803768,103.2342,15,2026-06-13T12:38:54.154740
Gostai Jazz V3_8f07082014d24fbcaf647523b34e690c,scene.gltf,gltf,1.0424,610.0,888558.0,1123892.0,2013240.0,3658812.321425,1032333.361587,0.8607,1.0887,59.027802,183.433498,95.342098,False,True,-246.0,,0.0,16,0,0,0.0,0,0,False,False,extreme,1093077,10.4581,2026-06-14T09:26:46.264536,67.8822,610,2026-06-13T12:40:10.979987
Gypsum Rose_14bf25285a58480bb3c4f5051f3d08c1,scene.gltf,gltf,0.0157,10.0,616359.0,1000000.0,1615717.0,33914.6587,121334.317548,5.0798,8.2417,53.573969,44.702135,50.664244,False,False,-1897.0,,0.0,1,2,134217728,384.0,8192,8192,False,False,extreme,16451,6.4817,2026-06-14T09:26:52.750499,111.0326,10,2026-06-13T12:42:06.939267
Hackness Cross Full Res OM-D EM-1 12-40mm Raw_d290fc7056804f23a0d7c69031903d97,scene.gltf,gltf,0.28,191.0,12147242.0,4403723.0,12582698.0,2.66888,0.46726,25996750.6638,9424566.4014,0.450989,0.667921,1.551199,False,True,-161.0,,79.0,12,24,402653184,1152.0,4096,4096,False,False,extreme,293620,34.7681,2026-06-14T09:27:27.521662,92.5522,191,2026-06-13T12:44:02.833957
Hajdrihova_fda799d611524250a7814881775a021c,scene.gltf,gltf,0.0264,17.0,1079992.0,1771476.0,2847762.0,3411.291873,11719.479879,92.1536,151.1565,36.61502,29.920586,10.697418,False,True,-689.0,,0.0,2,4,268435456,768.0,8192,8192,False,False,extreme,27665,11.0801,2026-06-14T09:27:38.604888,145.1527,17,2026-06-13T12:46:35.521203
HalloweenMask2_fbc257ac5d934c7e8b76525e6e084e60,scene.gltf,gltf,0.0161,10.0,612483.0,1000000.0,1611898.0,658.027188,2818.203931,217.331,354.8359,8.170867,15.55423,22.174596,False,True,-1582.0,,0.0,1,2,134217728,384.0,8192,8192,False,False,extreme,16870,7.3104,2026-06-14T09:27:45.920344,90.9757,10,2026-06-13T12:48:11.757841
Happy Buddha (Stanford)_5f2a444ff26c4a3bb194f6d79502ee54,scene.gltf,gltf,0.0131,11.0,705593.0,1087304.0,1793104.0,1.427981,0.111944,6303100.0495,9712944.8509,0.388663,0.410958,0.700857,False,True,-1944.0,,3536.0,1,0,0,0.0,0,0,False,False,extreme,13759,6.5705,2026-06-14T09:27:52.504293,88.3107,11,2026-06-13T12:49:44.312378
Hefner Cove 11-6-2014_304f252a50964c22ae4983ba08b8b417,scene.gltf,gltf,0.0248,16.0,1005665.0,1410233.0,2407454.0,759.589701,8775.994089,114.5927,160.6921,28.760658,13.832295,22.059885,False,True,-1986.0,,0.0,1,2,134217728,384.0,8192,8192,False,False,extreme,25992,8.6272,2026-06-14T09:28:01.143614,63.6288,16,2026-06-13T12:50:53.065356
Hefner Cove 12-7-2014_4d020c6418fc43568e0a55ae2bb9957e,scene.gltf,gltf,0.0276,18.0,1126109.0,1569846.0,2686057.0,5028.604499,47579.830785,23.6678,32.9939,57.338749,10.949819,75.782291,False,True,-2162.0,,0.0,1,2,134217728,384.0,8192,8192,False,False,extreme,28915,7.8166,2026-06-14T09:28:08.962872,65.4221,18,2026-06-13T12:52:03.884439
Heineken Headphones_7b9af7829ebe41a2b85ed3e89a25704e,scene.gltf,gltf,0.0604,41.0,2226912.0,4029192.0,6254892.0,16.841138,7e-06,335596930196.6966,607201571671.0352,0.032002,0.006515,0.031827,False,True,-535.0,,106.0,8,4,16777216,48.0,2048,2048,False,False,extreme,63304,21.2823,2026-06-14T09:28:30.247560,54.0291,41,2026-06-13T12:53:10.954765
Hell Boy_84900ff12025473fa0466ac1e41924b0,scene.gltf,gltf,0.0126,10.0,634134.0,1009204.0,1644499.0,34977.645727,500754.18001,1.2664,2.0154,68.415825,123.877277,59.084881,False,True,-2250.0,,0.0,1,0,0,0.0,0,0,False,False,extreme,13181,4.3355,2026-06-14T09:28:34.586002,117.9342,10,2026-06-13T12:55:14.102415
Hlapje_eede0cce6ad64d22828f346081575f12,scene.gltf,gltf,0.0189,12.0,754091.0,1000000.0,1740531.0,218145.628345,15150465.989774,0.0498,0.066,426.520599,443.353554,80.119049,False,True,-1370.0,,0.0,1,2,134217728,384.0,8192,8192,False,False,extreme,19849,3.9479,2026-06-14T09:28:38.536127,137.0043,12,2026-06-13T12:57:35.411105
HR-OS5 Humanoid Research Robot - Jack v1.0_bf55ab597e78476e9e67bf98cfde3501,scene.gltf,gltf,0.0186,12.0,733512.0,1102931.0,1838000.0,1962604.884067,4914505.706214,0.1493,0.2244,179.818356,98.716739,276.856689,False,True,-539.0,,0.0,1,0,0,0.0,0,0,False,False,extreme,19503,3.0633,2026-06-14T09:28:41.601452,68.0147,12,2026-06-13T12:58:49.052992
Hrad Kumburk_a5448d18ef8c4e769004beedc18a2d1e,scene.gltf,gltf,0.0912,52.0,1425267.0,1829080.0,3273130.0,50365.105849,115248.044476,12.367,15.8708,53.675858,49.765947,43.144187,False,False,-3388.0,,0.0,4,0,0,0.0,0,0,False,False,extreme,95618,4.7314,2026-06-14T09:28:46.334106,177.7771,52,2026-06-13T13:01:54.362560
Human Skull (untextured)_6521abbdccb24e11915e7d9c7905e719,scene.gltf,gltf,0.0221,15.0,977841.0,1508098.0,2487165.0,542.781076,211.645633,4620.1804,7125.5805,5.768958,7.499738,4.891768,False,False,-2158.0,,104.0,1,0,0,0.0,0,0,False,False,extreme,23170,4.4678,2026-06-14T09:28:50.803253,109.2233,15,2026-06-13T13:03:50.189710
Hunka Ferenc 2.0_9f75f7f952844a5881208380bf050f5a,scene.gltf,gltf,0.0159,13.0,829078.0,1283088.0,2112957.0,28864.729538,292330.776986,2.8361,4.3892,63.487847,35.403054,130.059841,False,True,-2278.0,,2.0,1,0,0,0.0,0,0,False,False,extreme,16621,5.7555,2026-06-14T09:28:56.561116,83.784,13,2026-06-13T13:05:19.397254
Incense Holder_a78b8a0c245147c3a81586ad1c2af240,scene.gltf,gltf,0.0189,9.0,575173.0,1114112.0,1689181.0,7.435001,0.344357,1670280.8605,3235339.5415,1.158398,1.152161,0.258011,False,True,-75.0,,0.0,1,4,67108864,192.0,4096,4096,True,False,extreme,19788,52.3975,2026-06-14T09:29:48.962407,187.1251,9,2026-06-13T13:08:31.455125
Invasive danger_ Brushtail possum_9ea97f977ec8404d80b387987698b413,scene.gltf,gltf,0.0282,24.0,1507506.0,2317810.0,3825540.0,20956.925115,57416.319667,26.2557,40.3685,61.038715,29.232406,32.178471,False,True,-1835.0,,0.0,1,0,0,0.0,0,0,False,False,extreme,29578,4.648,2026-06-14T09:29:53.612362,212.1996,24,2026-06-13T13:12:10.772404
Jack-O-Lantern_4401ca909782413d9698aadcbdece7e3,scene.gltf,gltf,0.0327,28.0,1717067.0,1170385.0,2488195.0,45.29562,17.348515,98974.87,67463.1236,2.842652,2.516574,2.425096,False,True,-2168.0,,0.0,1,0,0,0.0,0,0,False,False,extreme,34333,2.2153,2026-06-14T09:29:55.829062,122.98,28,2026-06-13T13:14:20.927815
ju390_88eec6b796df4444a7b24383369f350c,scene.gltf,gltf,0.0858,57.0,1494229.0,1659330.0,3126533.0,1951.284572,0.74965,1993234.7989,2213472.1645,0.542647,1.15249,1.198682,False,False,1123.0,,54.0,18,30,7208960,19.625,1024,1024,False,False,extreme,89917,3.6312,2026-06-14T09:29:59.461499,84.7121,57,2026-06-13T13:15:53.248951
Just a Array test_re5lj8lu58loxCGyrqiZyVK6f3W,scene.gltf,gltf,0.0358,33.0,2133049.0,4369680.0,6581494.0,139291.914314,58503.013912,36.4605,74.6915,67.94244,71.309917,12.075001,False,True,-2639.0,,0.0,1,0,0,0.0,0,0,False,False,extreme,37574,8.6492,2026-06-14T09:30:08.112662,598.5681,33,2026-06-13T13:26:02.064309
Kamenný hrot _ Stone point_44c8b9eb87e74542b28564b23c22b9b6,scene.gltf,gltf,0.0213,13.0,823394.0,1160680.0,1980045.0,23746.73843,326073.362148,2.5252,3.5596,183.424599,68.159128,26.081569,False,True,-1549.0,,0.0,1,0,0,0.0,0,0,False,False,extreme,22345,2.5741,2026-06-14T09:30:10.710000,104.7817,13,2026-06-13T13:27:52.109032
Kamenný hrot _ Stone point_9219686694d143e6aeace1bd748de415,scene.gltf,gltf,0.0228,14.0,867210.0,1240186.0,2103458.0,26234.713409,409126.636358,2.1197,3.0313,63.609583,39.037136,164.762077,False,True,-2043.0,,0.0,1,0,0,0.0,0,0,False,False,extreme,23909,4.3239,2026-06-14T09:30:15.035264,111.2002,14,2026-06-13T13:29:49.899833
KIT_LUGGAGE_e51e18925798494c95261c62e118f779,scene.gltf,gltf,0.0545,35.0,42519.0,52779.0,94602.0,3888.189564,105.384936,403.4637,500.8211,14.142048,5.953701,1.251639,False,True,30.0,,0.0,33,0,0,0.0,0,0,False,False,mid,57171,0.3678,2026-06-14T09:30:15.405697,92.6759,35,2026-06-13T13:31:24.793518
L M Mule Model To 3 D Printer_e9e29d10977849c9b83a667c989ce7d2,scene.gltf,gltf,0.0529,49.0,3210842.0,1571278.0,3923103.0,118642.351889,1800802.674908,1.783,0.8725,227.946167,126.742661,62.331993,False,True,645.0,,0.0,1,0,0,0.0,0,0,False,False,extreme,55474,4.836,2026-06-14T09:30:20.258042,209.4871,49,2026-06-13T13:35:01.973235
L M Strati Scale Model To 3 D Printer_9f1a348e275944d79950c67459cc9104,scene.gltf,gltf,0.0363,34.0,2189698.0,1039452.0,2632154.0,193844.636698,1519383.666224,1.4412,0.6841,230.598022,122.698002,53.700012,False,True,15085.0,,0.0,1,0,0,0.0,0,0,False,False,extreme,38017,2.7459,2026-06-14T09:30:23.005472,498.8855,34,2026-06-13T13:43:27.009480
Lady Siobhan_55c8aba2022c46059ccaa8a9d51c3262,scene.gltf,gltf,0.0174,15.0,918629.0,1367986.0,2284272.0,32623.257294,59607.458026,15.4113,22.9499,31.830004,22.600002,82.862003,False,True,-1814.0,,0.0,1,0,0,0.0,0,0,False,False,extreme,18267,6.0823,2026-06-14T09:30:29.089673,334.0738,15,2026-06-13T13:49:14.309283
Lake Hefner Cove 10-7-2014_169e3cdf3c61415b825addc4162d0a58,scene.gltf,gltf,0.0262,17.0,1069774.0,1497936.0,2558774.0,414.042035,1393.876066,767.4814,1074.6551,17.991593,4.861807,15.935174,False,True,-2251.0,,0.0,1,2,134217728,384.0,8192,8192,False,False,extreme,27501,7.2959,2026-06-14T09:30:36.388854,232.2569,17,2026-06-13T13:53:21.110548
Landscape Arch - Arches National Park_a58fb51e211441d78d1aaf87d939d087,scene.gltf,gltf,0.0183,11.0,701578.0,1180448.0,1883362.0,5506.604079,14146.211562,49.5948,83.4462,14.817696,33.575905,28.433594,False,True,-919.0,,0.0,1,0,0,0.0,0,0,False,False,extreme,19222,5.3296,2026-06-14T09:30:41.722070,197.2387,11,2026-06-13T13:56:55.566989
Latécoère 631_9049113e3be94a9d8997f99a69f14c40,scene.gltf,gltf,0.0635,42.0,1429102.0,1586869.0,2987601.0,2306.937076,0.521322,2741305.8781,3043934.8049,0.462355,1.085615,1.038615,False,False,2376.0,,5.0,14,24,4587520,11.875,1024,1024,False,False,extreme,66592,7.5932,2026-06-14T09:30:49.318910,332.4818,42,2026-06-13T14:02:46.162714
Limestone_58c1ae0f4c024b2e99396d28e4b27acb,scene.gltf,gltf,0.0187,12.0,762402.0,1186560.0,1949490.0,8833.444905,119156.344879,6.3983,9.958,56.84836,45.965256,45.600494,False,True,-1794.0,,0.0,1,2,134217728,384.0,8192,8192,False,False,extreme,19592,7.148,2026-06-14T09:30:56.470215,401.2926,12,2026-06-13T14:09:43.202476
Louvre Pseudo-Seneca (VisualSFM)_919684a9c8f44f34bba281936ee06ed0,scene.gltf,gltf,0.0926,66.0,4310110.0,1437561.0,4311398.0,0.478545,0.0001,43166160883.9976,14397309907.7658,0.016133,0.078671,0.078671,False,True,21824.0,,4695.0,1,2,8388608,24.0,2048,2048,False,False,extreme,97085,15.9448,2026-06-14T09:31:12.420171,226.0906,66,2026-06-13T14:13:57.046183
MA Model 1_2f4066408c7a4ea69b3ac2448aa36b56,scene.gltf,gltf,0.7203,448.0,1171968.0,2309888.0,3470208.0,22553889.19219,865772.866455,1.3537,2.668,84.659401,99.118423,103.17498,False,True,26.0,,0.0,1,0,0,0.0,0,0,False,False,extreme,755325,10.1861,2026-06-14T09:31:22.634683,277.6233,448,2026-06-13T14:19:04.565800
Mandelbulb 3D Panorama 7_307f27d232c04ca9b65137d3b5b402bd,scene.gltf,gltf,0.0256,16.0,1045809.0,1966080.0,3010913.0,250842.087651,1735086.941531,0.6027,1.1331,113.265728,134.176491,114.168499,False,True,-159.0,,0.0,1,2,8388608,24.0,2048,2048,False,False,extreme,26813,17.1848,2026-06-14T09:31:39.846805,947.6426,16,2026-06-13T14:35:07.419830
Mano de pilotari  #3DST28_9ce0305541ba4510aa1e190a9821062a,scene.gltf,gltf,0.0185,11.0,583656.0,1004211.0,1587441.0,567.538558,691.947074,843.498,1451.283,10.256376,8.358864,8.071081,False,False,-491.0,,0.0,4,8,134217728,384.0,4096,4096,False,False,extreme,19451,5.0635,2026-06-14T09:31:44.913604,528.9718,11,2026-06-13T14:44:12.086235
Maxilar_4b07eaa7e09942ab8a3c5b72d700dc30,scene.gltf,gltf,0.0231,21.0,1315986.0,1908054.0,3218042.0,22921.527699,103487.98394,12.7163,18.4374,61.759203,35.748598,46.873699,False,False,-1057.0,,0.0,1,0,0,0.0,0,0,False,False,extreme,24254,15.0325,2026-06-14T09:31:59.994420,537.1643,21,2026-06-13T14:53:27.582959
mech_closed print_7704af5cbe464da9adb1b20d421452dc,scene.gltf,gltf,0.0155,13.0,806508.0,1232262.0,2020624.0,558670.860005,818747.952514,0.9851,1.5051,104.000748,70.212883,112.123581,False,True,-1040.0,,0.0,1,0,0,0.0,0,0,False,False,extreme,16206,9.6291,2026-06-14T09:32:09.636770,818.9023,13,2026-06-13T15:07:23.892706
Medieval Castle of Dracula -Poienari- by FAE_8b1e8004d7274645add478843373afef,scene.gltf,gltf,0.0463,31.0,1991126.0,1460443.0,3181317.0,13101.088895,8755.991475,227.4015,166.7936,34.248088,12.580444,20.322308,False,True,6308.0,,0.0,1,2,134217728,384.0,8192,8192,False,False,extreme,48591,10.2712,2026-06-14T09:32:19.915326,281.6302,31,2026-06-13T15:12:26.169917
Medieval Rupea fortress- Cetatea Rupea 2014_4ba1548845ad4e2ea92c4bcf43188ea4,scene.gltf,gltf,0.0322,21.0,1333272.0,1549999.0,2847079.0,598.66292,1568.962646,849.7793,987.9133,25.280107,10.276723,6.039195,False,True,-2291.0,,0.0,1,2,33554432,96.0,4096,4096,False,False,extreme,33724,10.1536,2026-06-14T09:32:30.072005,266.2298,21,2026-06-13T15:17:10.493577
Mersing Buildings_76773d26702c4fb3b417f4cdf2ff81f0,scene.gltf,gltf,0.0188,,,,,,,,,,,,,,,,,1,2,134217728,384.0,8192,8192,False,False,unknown,19727,4.3266,2026-06-14T09:32:34.401494,341.7684,12,2026-06-13T15:23:03.997185
U-Shaped Contemporary Modular Kitchen_13b9a404bd334aa2be386754fc68cd6b,scene.gltf,gltf,1.7541,769.0,838319.0,1046861.0,1837457.0,2590822.11638,14237.69608,58.8802,73.5274,23.166138,24.815186,24.766724,False,True,393.0,,0.0,59,16,7340032,21.0,2048,1024,False,False,extreme,1839347,67.0484,2026-06-14T09:33:43.724595,253.9993,769,2026-06-14T00:10:45.325202
UKE_Printable_b5b9962b4b74434287af14f2f5b3e34b,scene.gltf,gltf,0.0199,17.0,1088681.0,1495346.0,2569036.0,41784.690031,544940.944097,1.9978,2.7441,69.05793,64.798206,121.779139,False,True,-1999.0,,0.0,1,0,0,0.0,0,0,False,False,extreme,20911,5.0167,2026-06-14T09:33:48.742843,445.8181,17,2026-06-14T00:18:28.340537
Un tipo_kgn5WOjZPelquaU7JKIm6u8Jkya,scene.gltf,gltf,0.0591,52.0,1473221.0,1849808.0,3262797.0,1051.108287,1029.789576,1430.6039,1796.2971,15.43174,3.41426,19.545059,False,True,-875.0,,131.0,1,0,0,0.0,0,0,False,False,extreme,61974,4.4205,2026-06-14T09:33:53.165172,283.2317,52,2026-06-14T00:23:29.130824
Vodoo_4b481e052a714f3790c70f1d1fab9787,scene.gltf,gltf,0.1743,100.0,2422868.0,2430198.0,4809652.0,385162.818895,5641.407779,429.4793,430.7786,17.97371,16.25528,19.308801,False,True,1860.0,,0.0,12,6,25165824,72.0,2048,2048,False,False,extreme,182751,4.2957,2026-06-14T09:33:57.461759,512.2358,100,2026-06-14T00:32:19.171525
Wagner Monument in Sioux Falls_7ad41c8f8d54465c93d3852e7e3e9e0b,scene.gltf,gltf,0.0389,26.0,1670333.0,2742287.0,4412710.0,1.11148,0.012171,137242417.7055,225319201.5738,0.219257,0.193355,0.287082,False,True,396.0,,1.0,1,2,33554432,96.0,4096,4096,False,False,extreme,40753,6.2409,2026-06-14T09:34:03.703873,321.831,26,2026-06-14T00:38:04.157295
Wall2_c666ac7be3f244d1896968cb4dee2107,scene.gltf,gltf,0.0162,10.0,644360.0,1000008.0,1642209.0,36.087252,8.366509,77016.5942,119525.1262,7.738569,0.311283,3.473186,False,True,-110.0,,0.0,1,2,134217728,384.0,8192,8192,False,False,extreme,16948,2.7455,2026-06-14T09:34:06.450914,218.9827,10,2026-06-14T00:41:55.617275
Weathered Pyramid_3df06681eedc465b8b85325dc91b849c,scene.gltf,gltf,0.0474,43.0,2815030.0,1316452.0,3313776.0,4462.00053,31736.678416,88.6996,41.4805,40.153302,40.169966,19.676087,False,True,-2082.0,,0.0,1,0,0,0.0,0,0,False,False,extreme,49699,3.1098,2026-06-14T09:34:09.562510,568.1204,43,2026-06-14T00:51:45.374923
"West Ravine La Cotte de St Brelade, Jersey_5db59fbf267a4fabab2cca7ecaf80670",scene.gltf,gltf,0.041,29.0,1837915.0,2999987.0,4833956.0,1584.617752,624.548053,2942.792,4803.4526,10.023438,9.172539,6.792969,False,True,-828.0,,0.0,1,2,33554432,96.0,4096,4096,False,False,extreme,43006,6.0344,2026-06-14T09:34:15.597946,355.2708,29,2026-06-14T00:58:06.883419
Windows 001_53b947bf138045d49a0c9b73c22c3977,scene.gltf,gltf,0.033,21.0,1235121.0,2183021.0,3416438.0,37.397986,1.107155,1115580.6408,1971738.7738,1.887605,0.231705,2.53141,False,True,-246.0,,232.0,4,8,134217728,384.0,4096,4096,False,False,extreme,34644,4.9948,2026-06-14T09:34:20.594198,232.8832,21,2026-06-14T01:02:19.670079
Windows002_31e30616e77e4159a4c653cb7bcfcc1c,scene.gltf,gltf,0.3593,199.0,12922794.0,4999998.0,13784491.0,0.029841,3.8e-05,339480079923.8414,131349282566.8386,0.122551,0.040466,0.007676,False,False,-103.0,,300.0,4,8,134217728,384.0,4096,4096,False,False,extreme,376716,14.586,2026-06-14T09:34:35.181432,271.2983,199,2026-06-14T01:07:56.393715
Woodlawn Cemetery Grave Marker in Sioux Falls_e3a58fc4d6d74009860cb6d5cb53387e,scene.gltf,gltf,0.0175,11.0,702697.0,1130235.0,1830906.0,0.51239,0.02065,34028198.0516,54731784.0049,0.442303,0.237824,0.196315,False,True,-1629.0,,1.0,1,2,33554432,96.0,4096,4096,False,False,extreme,18386,3.2757,2026-06-14T09:34:38.458601,597.9394,11,2026-06-14T01:18:08.336960
xx_88ebf69935ba48028da4bf9295dccef0,scene.gltf,gltf,34.9433,,,,,,,,,,,,,,,,,1,0,0,0.0,0,0,False,False,unknown,36640732,18.6713,2026-06-14T09:34:57.132196,313.1277,36397,2026-06-14T01:58:17.366148
XYZ RGB Dragon_9ca1906eda1543fca14184b2beb08b33,scene.gltf,gltf,0.0705,62.0,4026054.0,7219045.0,11242940.0,39946.732179,15317.496454,262.8402,471.2941,46.876633,11.018145,29.656706,False,True,-423.0,,0.0,1,0,0,0.0,0,0,False,False,extreme,73878,15.2579,2026-06-14T09:35:12.391283,341.481,62,2026-06-14T02:04:42.648966
Zaslavl_fe0dfc6f882440cdbc8a207b116ad4ba,scene.gltf,gltf,0.1051,72.0,4658550.0,1552850.0,4658550.0,4.586464,2.86227,1627571.5959,542523.8653,1.596128,1.614116,1.110985,False,True,21844.0,,0.0,1,2,134217728,384.0,8192,8192,False,False,extreme,110162,4.1726,2026-06-14T09:35:16.565869,211.3055,72,2026-06-14T02:08:38.699848
Zombie work in progress 4 sketchfast 6_2bd42e7a24b744449c1df7621f5a3fc3,scene.gltf,gltf,0.0126,10.0,646846.0,1036478.0,1685266.0,374625.987882,26659707.513593,0.0243,0.0389,275.742584,191.159782,505.772266,False,True,-2294.0,,0.0,1,0,0,0.0,0,0,False,False,extreme,13190,2.114,2026-06-14T09:35:18.681079,256.3406,10,2026-06-14T02:13:10.386814
Замъкът Нойшванщайн_83bdd18796ba4576afde2c45475dadcb,scene.gltf,gltf,0.1386,83.0,2142883.0,1141891.0,2746416.0,128235.863591,22.204805,96505.3729,51425.4006,2.13238,5.12287,2.03268,False,False,-704.0,,0.0,19,12,20316160,58.125,4096,2048,False,False,extreme,145322,2.7166,2026-06-14T09:35:21.398879,324.2511,83,2026-06-14T02:19:03.905151
Семенков Александр Валерьевич Semenkov@powercity_000c9d5d8cef43e5821d2ba3f33b3da8,scene.gltf,gltf,0.0216,14.0,861204.0,1479780.0,2340666.0,526716.932728,18748952.020135,0.0459,0.0789,283.481018,198.613525,332.999969,False,True,-660.0,,0.0,1,2,524288,1.5,512,512,False,False,extreme,22694,3.1569,2026-06-14T09:35:24.557192,260.6582,14,2026-06-14T02:23:38.858115
野柳女王頭(33張照片)_d00dcfce113f4361adc0ec1fc619bb30,scene.gltf,gltf,0.0259,15.0,778469.0,1390333.0,2168958.0,48.903325,89.355325,8712.0606,15559.5988,4.945798,4.953821,3.647067,False,True,-285.0,,0.0,8,16,268435456,768.0,4096,4096,False,False,extreme,27135,3.265,2026-06-14T09:35:27.825127,199.3191,15,2026-06-14T02:27:09.952568
A380_8hWQW1izQKZLYOZD4PKXti0xIjn,scene.gltf,gltf,0.1085,68.0,395502.0,462242.0,837022.0,5179623918.66048,7961727713752.757,0.0,0.0,78997.109375,4493.023438,22431.45459,False,False,1392.0,,0.0,45,28,17956864,51.375,2048,2048,False,False,high,113745,1.2541,2026-06-14T09:35:29.082457,253.3349,68,2026-06-14T02:31:33.400427
Abe Lincoln Death Mask_9LdROfD3pDOroZJu7qPf1AztpLh,scene.gltf,gltf,0.0028,1.0,50518.0,100000.0,150501.0,148955.393283,10457001.304237,0.0048,0.0096,206.141365,179.685539,282.311707,False,True,17.0,,0.0,1,0,0,0.0,0,0,False,False,high,2967,0.2768,2026-06-14T09:35:29.360439,382.5152,1,2026-06-14T02:38:00.978850
Abstract Sculpt 1_7ZeJS3lDXeRmNkrATr8tvAn4rG1,scene.gltf,gltf,0.004,2.0,117882.0,202988.0,321529.0,141.897296,1026.574066,114.8305,197.7334,10.207614,10.670467,9.425028,False,True,-2773.0,,0.0,1,0,0,0.0,0,0,False,False,high,4243,0.4159,2026-06-14T09:35:29.777461,262.8132,2,2026-06-14T02:42:32.926774
Alberquinhas_9ajZaGp0RpvTgl2A9nbi1a0iFE6,scene.gltf,gltf,0.0396,,,,,,,,,,,,,,,,,16,8,2883584,8.25,1024,1024,False,False,unknown,41516,1.4024,2026-06-14T09:35:31.181222,253.3857,31,2026-06-14T02:47:04.632972
Alex_Brus_180x160.dae_zxbq6QAer4GT6BaR37lbT0nkRLY,scene.gltf,gltf,0.9836,,,,,,,,,,,,,,,,,32,0,0,0.0,0,0,False,False,unknown,1031359,0.5353,2026-06-14T09:35:31.717385,342.9288,587,2026-06-14T02:53:06.524586
Alfonso Turconi_yFOpXlvCmJwsXKPSvcpwEq4jArH,scene.gltf,gltf,0.0079,4.0,66642.0,111836.0,179518.0,1161.401524,10959.990505,6.0805,10.204,19.86256,27.27455,20.231,False,True,268.0,,0.0,2,4,50331648,144.0,4096,4096,False,False,high,8262,0.4119,2026-06-14T09:35:32.130055,176.4585,4,2026-06-14T02:56:09.687353
alphajet.zip_u9W4gcdGfgGCrkKcfztIcEI6kHB,scene.gltf,gltf,0.1098,67.0,93928.0,116518.0,207912.0,173.573244,0.001973,47610680.8659,59061209.7897,0.007182,0.704732,0.389775,False,True,279.0,,2.0,57,52,12320768,34.25,1024,1024,False,False,high,115171,0.4607,2026-06-14T09:35:32.591601,468.8244,67,2026-06-14T03:04:09.076599
Archer - Palais de Suse_hdJSmRLtZ67GtzSx8jCmTFzTDWB,scene.gltf,gltf,0.0084,4.0,97095.0,185754.0,282918.0,1098.22136,10536.580215,9.215,17.6294,17.444419,52.143702,11.58354,False,True,-179.0,,0.0,4,6,69206016,198.0,4096,4096,False,False,high,8774,0.4115,2026-06-14T09:35:33.003889,164.5445,4,2026-06-14T03:07:00.888658
Arm Study 1_2MTx8KldVGLXmgT6GM1Z8722pR1,scene.gltf,gltf,0.0415,21.0,1322858.0,441142.0,1323142.0,0.2147,0.023186,57053424.2887,19025973.8366,0.7909,0.19141,0.15316,False,True,21833.0,,0.0,1,0,0,0.0,0,0,False,False,high,43497,1.0539,2026-06-14T09:35:34.058694,676.2336,21,2026-06-14T03:18:29.469487
Armored Blade.obj_AoE5wVhcLuZH7GtncNmNCMUc6Vw,scene.gltf,gltf,0.0055,3.0,179796.0,325726.0,505252.0,161003.672096,894558.827923,0.201,0.3641,28.627352,368.779002,84.734749,False,True,-307.0,,0.0,1,0,0,0.0,0,0,False,False,high,5756,0.6411,2026-06-14T09:35:34.700898,269.6637,3,2026-06-14T03:23:09.670236
Audi-a4-2006.blend_1WgEBLE3EjfqIN6ovHLkZuwAQKN,scene.gltf,gltf,0.0714,56.0,330590.0,635904.0,966515.0,802.109915,0.859849,384474.492,739553.1244,0.29029,2.157,1.37322,False,True,-126.0,,0.0,13,0,0,0.0,0,0,False,False,high,74821,1.287,2026-06-14T09:35:35.988972,382.4893,56,2026-06-14T03:29:45.460939
Barrett M82A1_fp3p3Jqx6evgRt4pxWjsJOepbYB,scene.gltf,gltf,0.0083,5.0,101202.0,120423.0,216882.0,9667.805618,51753.062816,1.9555,2.3269,12.915169,141.094177,28.400558,False,True,3669.0,,0.0,1,0,0,0.0,0,0,False,False,high,8718,0.2462,2026-06-14T09:35:36.236237,338.332,5,2026-06-14T03:35:32.466301
bicycle_7GqoT5jMyKrB5UO08QV04aFjv2g,scene.gltf,gltf,0.036,23.0,83731.0,128278.0,210516.0,3046.709871,440.702902,189.9942,291.0759,13.719799,5.799601,5.538601,True,True,4.0,,0.0,20,0,0,0.0,0,0,False,False,high,37761,0.3105,2026-06-14T09:35:36.547853,245.7157,23,2026-06-14T03:39:47.978485
Blender Rollercoaster BGE_zYK4cqoPLsKsGGhgKAMLeDgNgkX,scene.gltf,gltf,0.0047,2.0,78751.0,111460.0,183134.0,17507.477441,14227726.412793,0.0055,0.0078,188.149078,641.276573,117.920153,False,True,3838.0,,0.0,1,0,0,0.0,0,0,False,False,high,4917,0.3479,2026-06-14T09:35:36.896836,182.1558,2,2026-06-14T03:42:58.716795
building five_4iBwedbmLphIqG8AvjT3RQZrBWB,scene.gltf,gltf,0.0387,26.0,168354.0,281750.0,442208.0,163.179775,1.024496,164328.5397,275013.163,0.85599,1.87073,0.63978,True,True,40.0,,0.0,6,0,0,0.0,0,0,False,False,high,40549,0.5107,2026-06-14T09:35:37.408891,1132.3209,26,2026-06-14T04:01:57.882753
bv170.zip_hIIQKdlfT0V4DdwkEv3ncbvLuc3,scene.gltf,gltf,0.0422,27.0,738680.0,819188.0,1544337.0,392.78162,0.607729,1215476.8104,1347950.4215,0.515335,1.014703,1.1622,False,False,1220.0,,32.0,11,20,3670016,9.5,1024,1024,False,False,high,44286,1.4551,2026-06-14T09:35:38.865150,320.1074,27,2026-06-14T04:07:37.436860
cactus_lfCvxbfSR16Q7M9TJQZCUXM15aN,scene.gltf,gltf,0.0071,3.0,115595.0,115904.0,223398.0,135.128996,635.408162,181.9224,182.4087,4.42961,9.75796,14.70037,False,True,4000.0,,0.0,3,2,65536,0.1875,128,256,False,False,high,7410,0.2755,2026-06-14T09:35:39.141839,226.6913,3,2026-06-14T04:11:33.004510
Cast bronze cube of gears scan_AhyolzL1gWWqxpfiRE2vKw7orXk,scene.gltf,gltf,0.0048,2.0,59104.0,109724.0,168751.0,4356.707173,66369.410218,0.8905,1.6532,64.209301,16.80475,61.5089,False,True,-8.0,,0.0,2,2,33554432,96.0,4096,4096,False,False,high,5073,0.4309,2026-06-14T09:35:39.574102,206.1988,2,2026-06-14T04:15:06.176145
Catapulta_akOb1b8oZdtpL63QdlJlEkSdM7t,scene.gltf,gltf,0.054,34.0,241357.0,125778.0,308775.0,1778.399435,1.084558,222539.5321,115971.6821,0.63508,0.55,3.105,False,True,11966.0,,0.0,6,6,786432,2.25,512,512,False,False,high,56634,0.504,2026-06-14T09:35:40.079322,207.9787,34,2026-06-14T04:18:49.038173
Caterpillar 797F Mining Truck_dZM64cBYmcGvXfIPfctL7VYthzj,scene.gltf,gltf,0.0573,43.0,416694.0,408956.0,787701.0,19366.135824,3234.75306,128.8179,126.4257,11.52514,19.432547,14.44326,False,True,6113.0,,2.0,1,0,0,0.0,0,0,False,False,high,60057,0.6595,2026-06-14T09:35:40.739802,693.5164,43,2026-06-14T04:30:29.790345
Chessboard_9B0brgbLr6CUvnVowLzRzV58NMf,scene.gltf,gltf,0.0487,34.0,180378.0,296142.0,466053.0,587.443338,16.236971,11109.0918,18238.7468,2.01524,2.01524,3.99808,False,True,3.0,,0.0,4,0,0,0.0,0,0,False,False,high,51027,0.585,2026-06-14T09:35:41.325967,518.1148,34,2026-06-14T04:39:19.065637
Chulupi Rojo_suWBmd6IS9JDXyukRxOaQ5RU6VE,scene.gltf,gltf,0.0236,20.0,482896.0,778193.0,1249395.0,310.741856,566.346456,852.6512,1374.0582,8.351145,8.127181,8.344422,False,True,-1490.0,,0.0,1,0,0,0.0,0,0,False,False,high,24740,2.0683,2026-06-14T09:35:43.395539,342.6703,20,2026-06-14T04:45:13.389760
Citroën 2 CV_tsUhcbfiXRKN6XODFXz8jMHOWI9,scene.gltf,gltf,0.0369,24.0,111620.0,116617.0,222106.0,52.126014,0.057583,1938422.2922,2025201.5091,0.619732,0.149929,0.619732,False,False,1239.0,,4.0,6,10,3407872,9.75,1024,1024,False,False,high,38706,0.3474,2026-06-14T09:35:43.744597,585.3078,24,2026-06-14T04:55:05.615620
Combat jet_h6T0P9JHOxnpjUVM0unwoSCHO2a,scene.gltf,gltf,0.0249,11.0,222692.0,279996.0,488741.0,7454.361406,15332.44747,14.5242,18.2617,29.54877,33.554351,15.46405,False,True,1924.0,,0.0,3,8,77594624,206.0,4096,4096,True,False,high,26059,1.6969,2026-06-14T09:35:45.443351,678.7056,11,2026-06-14T05:06:32.072580
Diving Suit_t5PbnyX2K5M7gcoImeE6ESMuDMY,scene.gltf,gltf,0.0986,66.0,167072.0,282492.0,442559.0,4463.861063,2.706223,61736.2299,104386.0794,2.47498,1.95012,0.5607,False,True,-113.0,,0.0,6,0,0,0.0,0,0,False,False,high,103393,0.9695,2026-06-14T09:35:46.414383,196.0826,66,2026-06-14T05:09:56.895991
dragon nosuke_zBcOd1t24kYQXXjq0O95buSQvnr,scene.gltf,gltf,0.4701,208.0,276430.0,270918.0,513374.0,878.788187,1.720091,160706.6523,157502.1699,1.06818,1.49495,1.07716,False,True,62.0,,4.0,73,0,0,0.0,0,0,False,False,high,492980,1.0513,2026-06-14T09:35:47.467237,413.879,213,2026-06-14T05:17:12.375684
Duke Fleed_1ssHbLJHVA0GVNz1cNJ7F8D1TZl,scene.gltf,gltf,0.0433,29.0,812177.0,979650.0,1690266.0,241.041404,0.566752,1433038.5568,1728534.8172,4.1902,0.38761,0.34895,False,True,-7.0,,4.0,18,2,2097152,6.0,1024,1024,False,False,high,45454,2.5188,2026-06-14T09:35:49.987677,220.5089,29,2026-06-14T05:21:11.277752
DumpTruck_qCWXrNLMlMOEtD5rcS0zOKbdkbB,scene.gltf,gltf,0.02,12.0,86868.0,157384.0,243932.0,133.308707,35.576887,2441.6976,4423.771,2.57868,4.77439,2.889699,False,True,46.0,,0.0,9,2,8388608,24.0,2048,2048,False,False,high,20982,0.5335,2026-06-14T09:35:50.522526,411.1653,12,2026-06-14T05:28:09.684986
Edengrad_AK47 High Poly_9tKrCMawi9IdvviI7jS7GwQdUKQ,scene.gltf,gltf,0.0184,14.0,516181.0,573676.0,1017209.0,38.645676,0.96627,534199.2905,593701.264,0.28136,0.82631,4.15617,False,True,140.0,,0.0,1,0,0,0.0,0,0,False,False,high,19258,1.396,2026-06-14T09:35:51.919804,270.9105,14,2026-06-14T05:32:55.537826
Elder Scrolls Online Logo_8xTNtXKXQKDb6xcwhWpm8ywDM6a,scene.gltf,gltf,0.0113,9.0,431120.0,849216.0,1280137.0,3486.436868,1510.789931,285.3607,562.1006,21.003695,3.401221,21.148206,False,True,-55.0,,0.0,1,0,0,0.0,0,0,False,False,high,11857,1.8228,2026-06-14T09:35:53.743861,411.7295,9,2026-06-14T05:39:55.306119
EntreDeux_g5MWJosnHwDyTQtnIb0Pm3dGfnD,scene.gltf,gltf,0.0057,4.0,202225.0,328536.0,530022.0,10.802017,2.722399,74281.8986,120678.8371,1.9227,1.5736,0.8998,False,True,-528.0,,0.0,1,0,0,0.0,0,0,False,False,high,5968,0.855,2026-06-14T09:35:54.600072,633.7157,4,2026-06-14T05:50:37.945439
Enviromental_Facility_vDP5IvWks4xkaWkCGrByDL70uHa,scene.gltf,gltf,0.1986,122.0,430939.0,237834.0,571125.0,9981797.556391,122292873.218007,0.0035,0.0019,642.0,501.610107,379.751801,False,False,979.0,,0.0,98,90,10485760,30.0,1024,1024,False,False,high,208225,1.3133,2026-06-14T09:35:55.914800,249.2612,122,2026-06-14T05:55:00.787195
erinnerungsstein.zip_ggaLRtTszXi7pv8WyfhTGTDrn1N,scene.gltf,gltf,0.0128,7.0,279252.0,516977.0,796287.0,2283.946524,27250.532435,10.2476,18.9713,36.962101,20.21846,36.4645,False,True,-1204.0,,0.0,5,8,134217728,384.0,4096,4096,False,False,high,13407,2.1948,2026-06-14T09:35:58.111010,410.6597,7,2026-06-14T06:02:01.122382
Escudo Falcón_8a2532bcad0dc095cc15f151df963df2,scene.gltf,gltf,0.0107,4.0,66697.0,128716.0,195413.0,528.970225,2744.95698,24.298,46.8918,12.64393,28.098529,7.72627,False,True,-115.0,,0.0,4,6,100663296,288.0,4096,4096,False,False,high,11241,1.2657,2026-06-14T09:35:59.378521,179.4864,4,2026-06-14T06:05:08.742622
Extravehicular Mobility Unit_kEQEH5Bz43UF0TufGWAD7UOpGZL,scene.gltf,gltf,0.0786,51.0,190057.0,341042.0,529734.0,27.45153,0.453626,418972.4819,751812.4203,1.09954,0.740579,0.557078,False,True,320.0,,4.0,25,6,2097152,4.0,512,1024,False,False,high,82408,1.0562,2026-06-14T09:36:00.436222,546.1863,51,2026-06-14T06:14:23.674804
EYS Seal_yda6pYguYmCof2MUGQm2PEaF59C,scene.gltf,gltf,0.0029,1.0,53004.0,105888.0,158896.0,39.083283,10.454403,5070.0169,10128.5554,1.99218,2.62386,2.0,False,True,-4.0,,0.0,1,0,0,0.0,0,0,False,False,high,3054,0.3865,2026-06-14T09:36:00.824333,511.0691,1,2026-06-14T06:23:03.775621
facescan_y4IQ7IE3a9GMFxET4OAtf44r8QY,scene.gltf,gltf,0.0056,3.0,181090.0,317342.0,498604.0,110318.873602,4889577.991271,0.037,0.0649,162.846817,173.817528,172.742235,False,True,20.0,,0.0,1,0,0,0.0,0,0,False,False,high,5919,0.9447,2026-06-14T09:36:01.770745,422.6984,3,2026-06-14T06:30:15.190168
falcon50.zip_zl1ZHdqCY5bYbwbWNypasS7VT6N,scene.gltf,gltf,0.0779,48.0,110311.0,120102.0,222159.0,433.683656,0.191628,575652.1135,626745.9287,3.883293,1.181816,0.041755,False,True,80.0,,5.0,31,56,23265280,65.5625,2048,2048,False,False,high,81717,0.6002,2026-06-14T09:36:02.372553,600.3985,48,2026-06-14T06:40:34.235064
Farman IV _ HF 4_uWy0IyaY80w6QiTooIIaadnSMNO,scene.gltf,gltf,0.0232,15.0,128061.0,133614.0,258381.0,277.464992,0.161148,794680.8475,829139.9158,0.149644,1.048864,1.026705,False,False,794.0,,1.0,3,6,2752512,7.875,1024,1024,False,False,high,24321,0.2916,2026-06-14T09:36:02.665220,790.9755,15,2026-06-14T06:54:02.832487
Focke Wulf F19 Ente_6tLiPX2pCLf1syvVEig7Zm6f4yl,scene.gltf,gltf,0.0245,14.0,131888.0,157700.0,286797.0,177.950765,1.145177,115168.206,137707.9498,0.926654,1.137102,1.086815,False,True,942.0,,12.0,12,20,3407872,9.75,512,512,False,False,high,25727,0.3431,2026-06-14T09:36:03.009409,724.762,14,2026-06-14T07:06:21.831326
FREE Smenaflex 8M_zdYQzx9xxVoNb8OJbR8iQf6GOK6,scene.gltf,gltf,0.0452,27.0,140361.0,215368.0,353315.0,787.315209,4.448331,31553.6309,48415.46,1.86172,4.3902,0.54425,False,True,636.0,,0.0,7,6,3145728,9.0,1024,1024,True,False,high,47382,0.5561,2026-06-14T09:36:03.566661,272.1874,27,2026-06-14T07:11:07.301824
Freighter_qFTYL66fWpbU8qxqd6Y66kCkDNI,scene.gltf,gltf,0.0486,19.0,112745.0,164304.0,273019.0,757.856659,376.897384,299.1398,435.9383,5.46,16.71728,4.12919,False,True,1262.0,,0.0,2,4,16777216,48.0,2048,2048,True,False,high,50922,0.7928,2026-06-14T09:36:04.360647,1091.3014,19,2026-06-14T07:29:34.170482
full house_loHFVai1rgcOuZejDWQTjmQsBLD,scene.gltf,gltf,1.8941,,,,,,,,,,,,,,,,,69,52,2359296,6.75,512,512,False,False,unknown,1986156,0.9415,2026-06-14T09:36:05.303183,382.1787,1568,2026-06-14T07:37:28.289998
Future Car_hliAt7xc6YU2XjXh5G4lzmQwFmR,scene.gltf,gltf,0.0194,6.0,82014.0,130636.0,211924.0,193942.766513,39.186681,2092.905,3333.6837,6.95803,2.67818,2.10287,False,True,628.0,,0.0,4,12,144703488,286.0,4096,4096,True,False,high,20305,1.9464,2026-06-14T09:36:07.250592,1505.828,6,2026-06-14T08:02:55.184338
galaxy simulation_oerG39xn3WghRv0LpeTIu7n1z0i,scene.gltf,gltf,0.0396,35.0,313458.0,268198.0,525555.0,0.020948,5.5e-05,5702722344.3981,4879309914.9579,0.039989,0.03459,0.039738,False,True,-55.0,,1430.0,1,0,0,0.0,0,0,False,False,high,41501,0.6276,2026-06-14T09:36:07.878971,959.4858,35,2026-06-14T08:19:20.700693
Gauss Rifle_lFfvmgTMfI7a2FUygqQMAFmbGPg,scene.gltf,gltf,0.021,6.0,98359.0,148136.0,243036.0,4.076152,0.242333,405883.821,611291.3482,0.13433,2.6537,0.67981,False,True,3228.0,,0.0,3,12,18087936,51.5,2048,2048,True,False,high,21999,0.6159,2026-06-14T09:36:08.495709,534.1913,6,2026-06-14T08:28:30.031121
